{
  "BLEU": 0.12688623331425952,
  "BERTScore F1": 0.48838508129119873,
  "Dev time (s)": 168.453275680542,
  "Test time (s)": 165.89729523658752,
  "Parameter count": 615073792
}